,Time,Symbol,Product,Change,Change_ratio,den,den_up,den_sh,Total V_5m,TUp V_5m,TUp Vr_5m,Up Vd_5m,Up Vr_5m,Undef V_5m,Undef Vr_5m,move ticks_5m,Total V_15m,TUp V_15m,TUp Vr_15m,Up Vd_15m,Up Vr_15m,Undef V_15m,Undef Vr_15m,move ticks_15m,Total V_60m,TUp V_60m,TUp Vr_60m,Up Vd_60m,Up Vr_60m,Undef V_60m,Undef Vr_60m,move ticks_60m
0,2021-09-03 20:57:33.023309,QCLV21-QCLZ21,CRUDE OIL,-0.06,-1.73,0.08,0.0,0.08,48.0,34.0,0.71,34.0,0.71,0.0,0.0,-1.0,252.0,34.0,0.13,157.0,0.62,0.0,0.0,-1.0,741.0,238.0,0.32,381.0,0.51,0.0,0.0,-3.0
1,2021-09-03 20:55:50.076148,QCLM22-QCLZ22,CRUDE OIL,-0.06,-0.52,,,,2.0,2.0,1.0,0.0,0.0,0.0,0.0,0.0,88.0,14.0,0.16,30.0,0.34,0.0,0.0,0.0,123.0,21.0,0.17,39.0,0.32,0.0,0.0,-2.0
2,2021-09-03 20:57:37.233988,QCLU22-QCLZ22,CRUDE OIL,-0.03,-0.53,0.08,0.08,0.0,2.0,0.0,0.0,2.0,1.0,0.0,0.0,0.0,8.0,0.0,0.0,8.0,1.0,0.0,0.0,0.0,136.0,19.0,0.14,115.0,0.85,0.0,0.0,-1.0
3,2021-09-03 20:56:25.237800,QCLF22-QCLG22,CRUDE OIL,-0.01,-0.45,0.08,0.0,0.08,10.0,0.0,0.0,4.0,0.4,0.0,0.0,0.0,53.0,0.0,0.0,12.0,0.23,0.0,0.0,0.0,133.0,6.0,0.05,18.0,0.14,0.0,0.0,-1.0
4,2021-09-03 20:58:16.865169,QRBV21-QRBX21,RBOB GASOLINE,-0.0023,-0.62,0.75,0.58,0.17,157.0,45.0,0.29,69.0,0.44,0.0,0.0,3.0,602.0,347.0,0.58,339.0,0.56,0.0,0.0,15.0,2380.0,916.0,0.38,882.0,0.37,0.0,0.0,-12.0
5,2021-09-03 20:57:59.037855,QNGV21-QNGX21,NATURAL GAS,-0.001,-0.27,0.41,0.33,0.08,186.0,162.0,0.87,162.0,0.87,0.0,0.0,0.0,353.0,226.0,0.64,226.0,0.64,0.0,0.0,-1.0,995.0,503.0,0.51,521.0,0.52,0.0,0.0,-1.0
6,2021-09-03 20:56:23.314614,QNGG22-QNGH22,NATURAL GAS,-0.003,-0.23,0.08,0.08,0.0,42.0,23.0,0.55,29.0,0.69,0.0,0.0,-1.0,61.0,42.0,0.69,44.0,0.72,0.0,0.0,-1.0,293.0,182.0,0.62,178.0,0.61,0.0,0.0,0.0
7,2021-09-03 18:59:05.171560,QCLQ22-QCLV22,CRUDE OIL,-0.01,-0.27,,,,,,,,,,,,,,,,,,,,,,,,,,,
8,2021-09-03 20:54:41.800702,QHOZ21-QHOZ22,NEW YORK HARBOR ULSD,-0.0024,-0.63,,,,2.0,2.0,1.0,1.0,0.5,0.0,0.0,0.0,3.0,2.0,0.67,1.0,0.33,0.0,0.0,3.0,8.0,2.0,0.25,2.0,0.25,0.0,0.0,0.0
9,2021-09-03 20:29:57.958000,@CCZ21-@CCH22,COCOA,-1.0,-0.25,,,,,,,,,,,,,,,,,,,,167.0,92.0,0.55,108.0,0.65,0.0,0.0,2.0
10,2021-09-03 20:56:25.178025,QCLX21-QCLF22,CRUDE OIL,-0.03,-0.8,0.08,0.0,0.08,149.0,1.0,0.01,1.0,0.01,0.0,0.0,-1.0,152.0,1.0,0.01,4.0,0.03,0.0,0.0,0.0,256.0,81.0,0.32,36.0,0.14,0.0,0.0,-2.0
11,2021-09-03 20:56:33.238795,QNGX21-QNGZ21,NATURAL GAS,0.0,0.0,0.08,0.0,0.08,35.0,0.0,0.0,28.0,0.8,0.0,0.0,0.0,213.0,1.0,0.0,67.0,0.31,0.0,0.0,0.0,266.0,38.0,0.14,104.0,0.39,0.0,0.0,-1.0
12,2021-09-03 20:56:05.280970,QCLV21-QCLZ22,CRUDE OIL,-0.16,-0.66,,,,5.0,3.0,0.6,3.0,0.6,0.0,0.0,-2.0,21.0,8.0,0.38,8.0,0.38,0.0,0.0,1.0,33.0,10.0,0.3,10.0,0.3,0.0,0.0,-8.0
13,2021-09-03 19:56:07.236347,QHOH22-QHOM22,NEW YORK HARBOR ULSD,-0.0018,-1.18,,,,,,,,,,,,,,,,,,,,,,,,,,,
14,2021-09-03 20:38:54.762083,QCLQ22-QCLU22,CRUDE OIL,-0.01,-0.52,,,,,,,,,,,,,,,,,,,,18.0,0.0,0.0,10.0,0.56,0.0,0.0,0.0
15,2021-09-03 20:58:17.337000,@CTZ21-@CTH22,COTTON #2,0.12,0.84,0.33,0.25,0.08,45.0,38.0,0.84,36.0,0.8,2.0,0.04,5.0,87.0,67.0,0.77,65.0,0.75,2.0,0.02,5.0,325.0,192.0,0.59,191.0,0.59,17.0,0.05,0.0
16,2021-09-03 20:58:17.336000,@CTZ21-@CTK22,COTTON #2,0.17,0.63,0.08,0.08,0.0,2.0,2.0,1.0,2.0,1.0,0.0,0.0,1.0,2.0,2.0,1.0,2.0,1.0,0.0,0.0,1.0,3.0,2.0,0.67,2.0,0.67,1.0,0.33,2.0
17,2021-09-03 20:58:06.079757,QNGZ21-QNGF22,NATURAL GAS,-0.001,-0.32,0.25,0.0,0.25,56.0,41.0,0.73,32.0,0.57,0.0,0.0,1.0,201.0,170.0,0.85,82.0,0.41,0.0,0.0,0.0,663.0,297.0,0.45,201.0,0.3,0.0,0.0,0.0
18,2021-09-03 20:57:17.502432,QNGX21-QNGH22,NATURAL GAS,-0.005,-0.22,0.25,0.17,0.08,17.0,10.0,0.59,8.0,0.47,0.0,0.0,1.0,69.0,30.0,0.43,44.0,0.64,0.0,0.0,-1.0,113.0,57.0,0.5,60.0,0.53,0.0,0.0,1.0
19,2021-09-03 20:56:57.428849,QNGF22-QNGH22,NATURAL GAS,-0.005,-0.32,0.17,0.17,0.0,137.0,0.0,0.0,96.0,0.7,0.0,0.0,0.0,267.0,49.0,0.18,192.0,0.72,0.0,0.0,-1.0,779.0,433.0,0.56,517.0,0.66,0.0,0.0,-1.0
20,2021-09-03 20:57:31.533253,QNGX21-QNGF22,NATURAL GAS,-0.001,-0.14,0.34,0.17,0.17,53.0,47.0,0.89,18.0,0.34,0.0,0.0,1.0,99.0,65.0,0.66,33.0,0.33,0.0,0.0,0.0,213.0,129.0,0.61,89.0,0.42,0.0,0.0,0.0
21,2021-09-03 20:57:44.125511,QNGK22-QNGM22,NATURAL GAS,0.0,0.0,0.42,0.42,0.0,8.0,8.0,1.0,8.0,1.0,0.0,0.0,0.0,9.0,9.0,1.0,9.0,1.0,0.0,0.0,0.0,34.0,33.0,0.97,33.0,0.97,0.0,0.0,0.0
22,2021-09-03 20:24:40.239000,@KCK22-@KCN22,COFFEE C,0.0,0.0,,,,,,,,,,,,,,,,,,,,392.0,392.0,1.0,365.0,0.93,0.0,0.0,0.0
23,2021-09-03 20:14:41.682000,@KCZ21-@KCN22,COFFEE C,-0.05,-0.33,,,,,,,,,,,,,,,,,,,,5.0,0.0,0.0,2.0,0.4,0.0,0.0,0.0
24,2021-09-03 20:54:41.029887,QNGF22-QNGG22,NATURAL GAS,-0.002,-0.76,,,,21.0,6.0,0.29,20.0,0.95,0.0,0.0,0.0,73.0,6.0,0.08,63.0,0.86,0.0,0.0,0.0,501.0,364.0,0.73,358.0,0.71,0.0,0.0,0.0
25,2021-09-03 20:57:21.673387,QCLV21-QCLG22,CRUDE OIL,-0.08,-1.25,0.17,0.0,0.17,14.0,4.0,0.29,3.0,0.21,0.0,0.0,-1.0,117.0,27.0,0.23,36.0,0.31,0.0,0.0,-1.0,251.0,64.0,0.25,100.0,0.4,0.0,0.0,-4.0
26,2021-09-03 20:56:44.617651,QHOX21-QHOF22,NEW YORK HARBOR ULSD,0.0008,1.04,0.16,0.08,0.08,12.0,11.0,0.92,7.0,0.58,0.0,0.0,0.0,12.0,11.0,0.92,7.0,0.58,0.0,0.0,0.0,156.0,25.0,0.16,15.0,0.1,0.0,0.0,5.0
27,2021-09-03 20:57:50.361380,QHOV21-QHOX21,NEW YORK HARBOR ULSD,0.0007,1.32,0.33,0.25,0.08,33.0,15.0,0.45,20.0,0.61,0.0,0.0,1.0,153.0,71.0,0.46,71.0,0.46,0.0,0.0,2.0,647.0,382.0,0.59,432.0,0.67,0.0,0.0,4.0
28,2021-09-03 19:47:43.378710,@USU21-@USZ21,US TREASURY BOND,-0.0078125,-0.54,,,,,,,,,,,,,,,,,,,,,,,,,,,
29,2021-09-03 20:56:55.899340,QNGZ21-QNGH22,NATURAL GAS,-0.006,-0.33,0.25,0.08,0.17,22.0,10.0,0.45,11.0,0.5,0.0,0.0,-1.0,37.0,16.0,0.43,19.0,0.51,0.0,0.0,-1.0,124.0,69.0,0.56,73.0,0.59,0.0,0.0,-1.0
30,2021-09-03 20:58:00.156484,QCLZ21-QCLM22,CRUDE OIL,-0.05,-0.43,0.25,0.08,0.17,11.0,7.0,0.64,8.0,0.73,0.0,0.0,0.0,86.0,55.0,0.64,55.0,0.64,0.0,0.0,0.0,302.0,186.0,0.62,158.0,0.52,0.0,0.0,-6.0
31,2021-09-03 20:58:11.623804,QCLX21-QCLZ21,CRUDE OIL,-0.02,-1.0,0.25,0.08,0.17,27.0,3.0,0.11,3.0,0.11,0.0,0.0,-1.0,586.0,450.0,0.77,413.0,0.7,0.0,0.0,-1.0,1203.0,455.0,0.38,538.0,0.45,0.0,0.0,-1.0
32,2021-09-03 19:57:28.854000,@SBN22-@SBV22,SUGAR #11,-0.03,-1.14,,,,,,,,,,,,,,,,,,,,,,,,,,,
33,2021-09-03 20:49:36.574210,@NQU21-@NQZ21,E-MINI NASDAQ 100,-0.15,-0.6,,,,,,,,,,,,9.0,9.0,1.0,9.0,1.0,0.0,0.0,,56.0,16.0,0.29,16.0,0.29,0.0,0.0,
34,2021-09-03 20:29:55.028000,@KCZ21-@KCH22,COFFEE C,-0.05,-1.0,,,,,,,,,,,,,,,,,,,,154.0,109.0,0.71,109.0,0.71,0.0,0.0,0.0
35,2021-09-03 20:54:48.971476,QCLZ22-QCLZ23,CRUDE OIL,-0.19,-0.82,,,,5.0,5.0,1.0,0.0,0.0,0.0,0.0,0.0,45.0,38.0,0.84,17.0,0.38,0.0,0.0,2.0,326.0,264.0,0.81,139.0,0.43,0.0,0.0,2.0
36,2021-09-03 20:56:25.212752,QCLF22-QCLH22,CRUDE OIL,-0.02,-0.46,0.08,0.0,0.08,1.0,0.0,0.0,0.0,0.0,0.0,0.0,0.0,5.0,1.0,0.2,1.0,0.2,0.0,0.0,-1.0,68.0,3.0,0.04,44.0,0.65,0.0,0.0,-2.0
37,2021-09-03 20:29:57.958000,@CCH22-@CCK22,COCOA,-2.0,-0.56,,,,,,,,,,,,,,,,,,,,211.0,11.0,0.05,31.0,0.15,0.0,0.0,0.0
38,2021-09-03 19:59:17.880000,@SBH22-@SBV22,SUGAR #11,-0.12,-1.49,,,,,,,,,,,,,,,,,,,,6.0,4.0,0.67,4.0,0.67,0.0,0.0,-1.0
39,2021-09-03 20:58:11.597117,QRBX21-QRBZ21,RBOB GASOLINE,-0.0011,-0.48,0.67,0.67,0.0,138.0,122.0,0.88,125.0,0.91,0.0,0.0,1.0,344.0,257.0,0.75,258.0,0.75,0.0,0.0,3.0,1411.0,684.0,0.48,739.0,0.52,0.0,0.0,-6.0
40,2021-09-03 20:56:20.524522,QHOZ21-QHOF22,NEW YORK HARBOR ULSD,0.0004,0.91,0.17,0.17,0.0,69.0,69.0,1.0,21.0,0.3,0.0,0.0,0.0,113.0,70.0,0.62,22.0,0.19,0.0,0.0,0.0,514.0,422.0,0.82,360.0,0.7,0.0,0.0,1.0
41,2021-09-03 20:57:23.883141,QNGV21-QNGF22,NATURAL GAS,-0.001,-0.09,0.17,0.17,0.0,22.0,22.0,1.0,22.0,1.0,0.0,0.0,1.0,60.0,39.0,0.65,29.0,0.48,0.0,0.0,0.0,210.0,158.0,0.75,114.0,0.54,0.0,0.0,1.0
42,2021-09-03 20:55:09.913457,QNGV21-QNGG22,NATURAL GAS,-0.004,-0.3,,,,12.0,1.0,0.08,1.0,0.08,0.0,0.0,1.0,20.0,1.0,0.05,7.0,0.35,0.0,0.0,-1.0,73.0,23.0,0.32,47.0,0.64,0.0,0.0,-2.0
43,2021-09-03 20:57:23.871665,QNGV21-QNGJ22,NATURAL GAS,0.009,0.17,0.16,0.08,0.08,4.0,4.0,1.0,3.0,0.75,0.0,0.0,2.0,19.0,5.0,0.26,10.0,0.53,0.0,0.0,-1.0,42.0,23.0,0.55,32.0,0.76,0.0,0.0,8.0
44,2021-09-03 20:57:36.031811,QRBV21-QRBZ21,RBOB GASOLINE,-0.0033,-0.57,0.33,0.25,0.08,20.0,8.0,0.4,9.0,0.45,0.0,0.0,8.0,56.0,35.0,0.62,13.0,0.23,0.0,0.0,8.0,450.0,137.0,0.3,100.0,0.22,0.0,0.0,-13.0
45,2021-09-03 20:58:00.586785,QCLV21-QCLM22,CRUDE OIL,-0.11,-0.85,0.17,0.0,0.17,6.0,2.0,0.33,2.0,0.33,0.0,0.0,-2.0,16.0,6.0,0.38,7.0,0.44,0.0,0.0,1.0,58.0,20.0,0.34,33.0,0.57,0.0,0.0,-6.0
46,2021-09-03 20:56:25.222134,QCLX21-QCLM22,CRUDE OIL,-0.07,-0.55,0.08,0.08,0.0,6.0,1.0,0.17,4.0,0.67,0.0,0.0,-1.0,68.0,1.0,0.01,4.0,0.06,0.0,0.0,-1.0,109.0,11.0,0.1,8.0,0.07,0.0,0.0,-5.0
47,2021-09-03 20:53:04.644861,QCLG22-QCLJ22,CRUDE OIL,-0.01,-0.25,,,,,,,,,,,,2.0,0.0,0.0,2.0,1.0,0.0,0.0,0.0,12.0,2.0,0.17,9.0,0.75,0.0,0.0,-1.0
48,2021-09-03 20:58:08.234946,QNGH22-QNGJ22,NATURAL GAS,0.015,0.51,0.25,0.17,0.08,20.0,15.0,0.75,11.0,0.55,0.0,0.0,4.0,67.0,27.0,0.4,30.0,0.45,0.0,0.0,-1.0,157.0,83.0,0.53,86.0,0.55,0.0,0.0,6.0
49,2021-09-03 20:46:04.143030,QRBV21-QRBF22,RBOB GASOLINE,-0.0039,-0.57,,,,,,,,,,,,1.0,1.0,1.0,0.0,0.0,0.0,0.0,0.0,95.0,40.0,0.42,26.0,0.27,0.0,0.0,-20.0
50,2021-09-03 20:57:30.990382,QRBZ21-QRBF22,RBOB GASOLINE,-0.0004,-0.31,0.17,0.17,0.0,12.0,7.0,0.58,11.0,0.92,0.0,0.0,0.0,26.0,16.0,0.62,16.0,0.62,0.0,0.0,2.0,464.0,135.0,0.29,152.0,0.33,0.0,0.0,0.0
51,2021-09-03 20:55:43.814160,QRBF22-QRBG22,RBOB GASOLINE,-0.0003,-0.41,,,,1.0,1.0,1.0,1.0,1.0,0.0,0.0,0.0,4.0,2.0,0.5,4.0,1.0,0.0,0.0,2.0,257.0,84.0,0.33,124.0,0.48,0.0,0.0,-2.0
52,2021-09-03 20:33:00.364830,QHOX21-QHOG22,NEW YORK HARBOR ULSD,0.0001,0.1,,,,,,,,,,,,,,,,,,,,7.0,6.0,0.86,6.0,0.86,0.0,0.0,2.0
53,2021-09-03 20:56:25.180735,QCLZ21-QCLF22,CRUDE OIL,-0.01,-0.52,0.08,0.0,0.08,15.0,0.0,0.0,0.0,0.0,0.0,0.0,0.0,132.0,0.0,0.0,32.0,0.24,0.0,0.0,0.0,274.0,140.0,0.51,89.0,0.32,0.0,0.0,-1.0
54,2021-09-03 19:59:31.997000,@SBH22-@SBN22,SUGAR #11,-0.09,-1.21,,,,,,,,,,,,,,,,,,,,5.0,5.0,1.0,0.0,0.0,0.0,0.0,0.0
55,2021-09-03 20:54:48.940687,QCLV21-QCLF22,CRUDE OIL,-0.05,-1.02,,,,15.0,15.0,1.0,14.0,0.93,0.0,0.0,1.0,107.0,33.0,0.31,32.0,0.3,0.0,0.0,1.0,207.0,66.0,0.32,69.0,0.33,0.0,0.0,-1.0
56,2021-09-03 19:59:52.061000,@SBV21-@SBK22,SUGAR #11,-0.04,-0.63,,,,,,,,,,,,,,,,,,,,76.0,72.0,0.95,72.0,0.95,0.0,0.0,0.0
57,2021-09-03 20:44:10.366994,QCLF22-QCLK22,CRUDE OIL,-0.03,-0.38,,,,,,,,,,,,2.0,0.0,0.0,2.0,1.0,0.0,0.0,0.0,25.0,10.0,0.4,16.0,0.64,0.0,0.0,-3.0
58,2021-09-03 19:59:59.184000,@SBV22-@SBH23,SUGAR #11,-0.03,-1.17,,,,,,,,,,,,,,,,,,,,9.0,0.0,0.0,0.0,0.0,4.0,0.44,0.0
59,2021-09-03 20:37:29.969056,QCLH22-QCLJ22,CRUDE OIL,0.0,0.0,,,,,,,,,,,,,,,,,,,,5.0,0.0,0.0,3.0,0.6,0.0,0.0,0.0
60,2021-09-03 20:54:23.929940,QCLZ21-QCLG22,CRUDE OIL,-0.02,-0.48,,,,1.0,0.0,0.0,0.0,0.0,0.0,0.0,0.0,8.0,0.0,0.0,4.0,0.5,0.0,0.0,0.0,76.0,46.0,0.61,10.0,0.13,0.0,0.0,-2.0
61,2021-09-03 20:56:52.097791,QCLX21-QCLG22,CRUDE OIL,-0.04,-0.72,0.25,0.17,0.08,22.0,3.0,0.14,15.0,0.68,0.0,0.0,-1.0,38.0,8.0,0.21,20.0,0.53,0.0,0.0,0.0,103.0,25.0,0.24,49.0,0.48,0.0,0.0,-3.0
62,2021-09-03 20:44:18.673787,QCLF22-QCLJ22,CRUDE OIL,-0.02,-0.33,,,,,,,,,,,,1.0,0.0,0.0,1.0,1.0,0.0,0.0,0.0,31.0,28.0,0.9,31.0,1.0,0.0,0.0,-2.0
63,2021-09-03 20:57:16.583567,QCLV21-QCLK22,CRUDE OIL,-0.1,-0.9,0.08,0.0,0.08,4.0,1.0,0.25,1.0,0.25,0.0,0.0,-2.0,9.0,4.0,0.44,3.0,0.33,0.0,0.0,-1.0,43.0,7.0,0.16,31.0,0.72,0.0,0.0,-3.0
64,2021-09-03 20:52:37.092718,QCLM22-QCLU22,CRUDE OIL,-0.03,-0.51,,,,,,,,,,,,5.0,0.0,0.0,3.0,0.6,0.0,0.0,0.0,66.0,25.0,0.38,53.0,0.8,0.0,0.0,-2.0
65,2021-09-03 20:56:25.252690,QCLZ23-QCLZ24,CRUDE OIL,-0.13,-0.65,0.08,0.0,0.08,1.0,1.0,1.0,0.0,0.0,0.0,0.0,0.0,1.0,1.0,1.0,0.0,0.0,0.0,0.0,0.0,23.0,17.0,0.74,6.0,0.26,0.0,0.0,2.0
66,2021-09-03 20:51:00.021554,@UBU21-@UBZ21,ULTRA US TREASURY BOND,0.0078125,3.25,,,,,,,,,,,,130.0,0.0,0.0,1.0,0.01,0.0,0.0,,279.0,1.0,0.0,46.0,0.16,0.0,0.0,
67,2021-09-03 20:48:51.894392,QHOM22-QHON22,NEW YORK HARBOR ULSD,-0.0001,-0.23,,,,,,,,,,,,13.0,13.0,1.0,7.0,0.54,0.0,0.0,0.0,25.0,25.0,1.0,17.0,0.68,0.0,0.0,0.0
68,2021-09-03 20:24:20.003200,@ESU21-@ESZ21,E-MINI S&P 500,0.0,0.0,,,,,,,,,,,,,,,,,,,,199.0,199.0,1.0,138.0,0.69,0.0,0.0,
69,2021-09-03 20:55:01.496640,QRBH22-QRBJ22,RBOB GASOLINE,0.0016,1.96,,,,7.0,0.0,0.0,0.0,0.0,0.0,0.0,0.0,15.0,0.0,0.0,0.0,0.0,0.0,0.0,-1.0,47.0,0.0,0.0,1.0,0.02,0.0,0.0,-8.0
70,2021-09-03 20:48:33.812237,QCLH22-QCLK22,CRUDE OIL,-0.02,-0.54,,,,,,,,,,,,3.0,0.0,0.0,0.0,0.0,0.0,0.0,0.0,7.0,2.0,0.29,0.0,0.0,0.0,0.0,-2.0
71,2021-09-03 20:55:01.505505,QRBJ22-QRBK22,RBOB GASOLINE,-0.0012,-1.26,,,,9.0,0.0,0.0,5.0,0.56,0.0,0.0,0.0,18.0,1.0,0.06,6.0,0.33,0.0,0.0,0.0,71.0,2.0,0.03,13.0,0.18,0.0,0.0,-7.0
72,2021-09-03 20:56:52.971000,@CTN22-@CTZ22,COTTON #2,0.24,1.32,0.08,0.08,0.0,3.0,0.0,0.0,2.0,0.67,1.0,0.33,0.0,4.0,0.0,0.0,2.0,0.5,1.0,0.25,0.0,5.0,1.0,0.2,3.0,0.6,1.0,0.2,-2.0
73,2021-09-03 20:56:52.971000,@CTK22-@CTN22,COTTON #2,0.11,1.62,0.08,0.08,0.0,3.0,3.0,1.0,2.0,0.67,1.0,0.33,0.0,4.0,4.0,1.0,3.0,0.75,1.0,0.25,0.0,5.0,5.0,1.0,3.0,0.6,1.0,0.2,0.0
74,2021-09-03 20:55:02.140040,QRBG22-QRBH22,RBOB GASOLINE,-0.0001,-0.17,,,,2.0,2.0,1.0,2.0,1.0,0.0,0.0,0.0,9.0,9.0,1.0,4.0,0.44,0.0,0.0,0.0,138.0,26.0,0.19,49.0,0.36,0.0,0.0,-4.0
75,2021-09-03 20:57:36.813302,QHOJ22-QHOK22,NEW YORK HARBOR ULSD,-0.0006,-1.03,0.08,0.08,0.0,4.0,3.0,0.75,3.0,0.75,0.0,0.0,0.0,20.0,10.0,0.5,11.0,0.55,0.0,0.0,0.0,55.0,20.0,0.36,24.0,0.44,0.0,0.0,0.0
76,2021-09-03 19:21:23.254653,QHOM22-QHOZ22,NEW YORK HARBOR ULSD,-0.0003,-0.16,,,,,,,,,,,,,,,,,,,,,,,,,,,
77,2021-09-03 20:56:23.672888,QHOZ21-QHOG22,NEW YORK HARBOR ULSD,0.0003,0.42,0.08,0.08,0.0,14.0,14.0,1.0,7.0,0.5,0.0,0.0,1.0,22.0,15.0,0.68,8.0,0.36,0.0,0.0,2.0,26.0,18.0,0.69,10.0,0.38,0.0,0.0,5.0
78,2021-09-03 20:43:42.950792,QNGN22-QNGU22,NATURAL GAS,0.002,2.17,,,,,,,,,,,,1.0,1.0,1.0,0.0,0.0,0.0,0.0,0.0,5.0,4.0,0.8,1.0,0.2,0.0,0.0,0.0
79,2021-09-03 20:57:20.692490,QNGM22-QNGU22,NATURAL GAS,0.0,0.0,0.17,0.0,0.17,10.0,1.0,0.1,0.0,0.0,0.0,0.0,-1.0,28.0,1.0,0.04,2.0,0.07,0.0,0.0,-1.0,32.0,5.0,0.16,4.0,0.12,0.0,0.0,-1.0
80,2021-09-03 20:56:19.973871,QHOG22-QHOH22,NEW YORK HARBOR ULSD,-0.0003,-0.71,,,,5.0,0.0,0.0,3.0,0.6,0.0,0.0,0.0,9.0,0.0,0.0,6.0,0.67,0.0,0.0,0.0,40.0,28.0,0.7,26.0,0.65,0.0,0.0,0.0
81,2021-09-03 20:49:03.071204,QHOZ21-QHOH22,NEW YORK HARBOR ULSD,-0.0003,-0.3,,,,,,,,,,,,100.0,1.0,0.01,0.0,0.0,0.0,0.0,-1.0,142.0,32.0,0.23,15.0,0.11,0.0,0.0,2.0
82,2021-09-03 20:57:14.673760,QPLV21-QPLF22,PLATINUM,-0.3,-1.08,0.08,0.0,0.08,1.0,0.0,0.0,0.0,0.0,0.0,0.0,0.0,2.0,0.0,0.0,0.0,0.0,0.0,0.0,0.0,980.0,32.0,0.03,33.0,0.03,0.0,0.0,-1.0
83,2021-09-03 20:56:25.219715,QCLH22-QCLM22,CRUDE OIL,-0.02,-0.35,0.08,0.0,0.08,1.0,0.0,0.0,0.0,0.0,0.0,0.0,0.0,11.0,0.0,0.0,0.0,0.0,0.0,0.0,0.0,32.0,4.0,0.12,2.0,0.06,0.0,0.0,-3.0
84,2021-09-03 20:56:39.191435,QCLX21-QCLH22,CRUDE OIL,-0.05,-0.68,0.16,0.08,0.08,6.0,1.0,0.17,1.0,0.17,0.0,0.0,-1.0,128.0,1.0,0.01,8.0,0.06,0.0,0.0,-1.0,200.0,27.0,0.14,31.0,0.16,0.0,0.0,-3.0
85,2021-09-03 20:46:29.023163,QCLJ22-QCLK22,CRUDE OIL,-0.01,-0.52,,,,,,,,,,,,7.0,0.0,0.0,1.0,0.14,0.0,0.0,0.0,8.0,0.0,0.0,2.0,0.25,0.0,0.0,0.0
86,2021-09-03 20:27:53.992348,QNGX21-QNGJ22,NATURAL GAS,0.009,0.18,,,,,,,,,,,,,,,,,,,,1.0,1.0,1.0,1.0,1.0,0.0,0.0,0.0
87,2021-09-03 20:55:10.033021,QNGZ21-QNGG22,NATURAL GAS,-0.003,-0.53,,,,4.0,4.0,1.0,2.0,0.5,0.0,0.0,0.0,9.0,4.0,0.44,2.0,0.22,0.0,0.0,0.0,138.0,78.0,0.57,44.0,0.32,0.0,0.0,0.0
88,2021-09-03 19:54:19.718704,QHOU22-QHOV22,NEW YORK HARBOR ULSD,0.0,0.0,,,,,,,,,,,,,,,,,,,,,,,,,,,
89,2021-09-03 20:57:16.152091,QHOK22-QHOM22,NEW YORK HARBOR ULSD,-0.0006,-1.11,0.08,0.0,0.08,1.0,1.0,1.0,0.0,0.0,0.0,0.0,0.0,7.0,2.0,0.29,1.0,0.14,0.0,0.0,0.0,31.0,10.0,0.32,11.0,0.35,0.0,0.0,-1.0
90,2021-09-03 20:29:43.133000,@CCN22-@CCU22,COCOA,10.0,4.83,,,,,,,,,,,,,,,,,,,,8.0,3.0,0.38,3.0,0.38,0.0,0.0,2.0
91,2021-09-03 20:27:31.718000,@CCH22-@CCN22,COCOA,2.0,0.34,,,,,,,,,,,,,,,,,,,,22.0,3.0,0.14,0.0,0.0,0.0,0.0,-2.0
92,2021-09-03 20:58:14.150609,@CZ21-@CN22,CORN,-1.25,-1.33,0.17,0.17,0.0,80.0,80.0,1.0,61.0,0.76,0.0,0.0,1.0,114.0,114.0,1.0,88.0,0.77,0.0,0.0,1.0,522.0,522.0,1.0,335.0,0.64,0.0,0.0,3.0
93,2021-09-03 20:58:12.610430,@BOF22-@BOH22,SOYBEAN OIL,-0.02,-0.3,0.59,0.17,0.42,73.0,33.0,0.45,33.0,0.45,0.0,0.0,0.0,154.0,41.0,0.27,41.0,0.27,0.0,0.0,0.0,565.0,271.0,0.48,217.0,0.38,0.0,0.0,0.0
94,2021-09-03 20:58:19.401030,@GFX21-@GFF22,FEEDER CATTLE,-0.35,-2.53,0.83,0.33,0.5,140.0,67.0,0.48,50.0,0.36,0.0,0.0,0.0,204.0,67.0,0.33,64.0,0.31,0.0,0.0,-1.0,343.0,138.0,0.4,130.0,0.38,0.0,0.0,-2.0
95,2021-09-03 20:58:17.645344,@GFF22-@GFH22,FEEDER CATTLE,-0.1,-0.54,0.25,0.25,0.0,15.0,6.0,0.4,7.0,0.47,0.0,0.0,1.0,24.0,9.0,0.38,11.0,0.46,0.0,0.0,-1.0,79.0,25.0,0.32,39.0,0.49,0.0,0.0,-3.0
96,2021-09-03 20:58:18.160769,@GFV21-@GFX21,FEEDER CATTLE,-0.15,-0.97,0.67,0.25,0.42,186.0,69.0,0.37,58.0,0.31,0.0,0.0,-1.0,273.0,105.0,0.38,81.0,0.3,0.0,0.0,-2.0,403.0,169.0,0.42,129.0,0.32,0.0,0.0,-2.0
97,2021-09-03 20:55:50.745291,@SX21-@SF22,SOYBEANS,-0.75,-2.05,,,,5.0,0.0,0.0,0.0,0.0,0.0,0.0,0.0,478.0,0.0,0.0,67.0,0.14,0.0,0.0,-1.0,873.0,395.0,0.45,388.0,0.44,0.0,0.0,-2.0
98,2021-09-03 20:56:25.318536,@SMV21-@SMZ21,SOYBEAN MEAL,-0.1,-0.48,0.08,0.0,0.08,48.0,5.0,0.1,5.0,0.1,0.0,0.0,0.0,92.0,8.0,0.09,8.0,0.09,0.0,0.0,-1.0,301.0,46.0,0.15,46.0,0.15,0.0,0.0,-1.0
99,2021-09-03 20:54:08.585658,@SX21-@SH22,SOYBEANS,-0.25,-0.14,,,,17.0,0.0,0.0,0.0,0.0,0.0,0.0,0.0,248.0,0.0,0.0,6.0,0.02,0.0,0.0,-1.0,483.0,198.0,0.41,163.0,0.34,0.0,0.0,0.0
100,2021-09-03 20:58:11.765328,@BOV21-@BOZ21,SOYBEAN OIL,-0.08,-2.26,0.25,0.08,0.17,95.0,6.0,0.06,8.0,0.08,0.0,0.0,0.0,181.0,17.0,0.09,10.0,0.06,0.0,0.0,0.0,492.0,184.0,0.37,169.0,0.34,0.0,0.0,-2.0
101,2021-09-03 20:53:23.728917,@SMV21-@SMF22,SOYBEAN MEAL,-0.1,-0.28,,,,1.0,0.0,0.0,0.0,0.0,0.0,0.0,0.0,11.0,10.0,0.91,9.0,0.82,0.0,0.0,-1.0,57.0,56.0,0.98,27.0,0.47,0.0,0.0,0.0
102,2021-09-03 20:58:14.157394,@CN22-@CU22,CORN,0.25,0.08,0.16,0.08,0.08,20.0,20.0,1.0,17.0,0.85,0.0,0.0,1.0,56.0,56.0,1.0,22.0,0.39,0.0,0.0,3.0,157.0,133.0,0.85,92.0,0.59,0.0,0.0,6.0
103,2021-09-03 20:58:15.016189,@CU22-@CZ22,CORN,-2.25,-1.62,0.25,0.0,0.25,302.0,0.0,0.0,0.0,0.0,0.0,0.0,0.0,433.0,0.0,0.0,0.0,0.0,0.0,0.0,0.0,586.0,7.0,0.01,16.0,0.03,0.0,0.0,-3.0
104,2021-09-03 20:57:30.001205,@LEV21-@LEG22,LIVE CATTLE,-0.025,-0.04,0.25,0.17,0.08,20.0,16.0,0.8,17.0,0.85,0.0,0.0,2.0,62.0,33.0,0.53,42.0,0.68,0.0,0.0,3.0,262.0,162.0,0.62,151.0,0.58,0.0,0.0,5.0
105,2021-09-03 20:58:08.061792,@LEZ21-@LEG22,LIVE CATTLE,-0.05,-0.16,0.5,0.33,0.17,92.0,58.0,0.63,25.0,0.27,0.0,0.0,1.0,272.0,182.0,0.67,115.0,0.42,0.0,0.0,1.0,485.0,299.0,0.62,210.0,0.43,0.0,0.0,1.0
106,2021-09-03 20:53:54.134566,@SF22-@SH22,SOYBEANS,0.5,0.34,,,,1.0,1.0,1.0,1.0,1.0,0.0,0.0,0.0,407.0,407.0,1.0,161.0,0.4,0.0,0.0,0.0,454.0,442.0,0.97,190.0,0.42,0.0,0.0,1.0
107,2021-09-03 20:58:11.542783,@HEZ21-@HEG22,LEAN HOGS,-0.325,-0.83,0.33,0.08,0.25,52.0,15.0,0.29,12.0,0.23,0.0,0.0,0.0,128.0,47.0,0.37,27.0,0.21,0.0,0.0,-1.0,382.0,134.0,0.35,87.0,0.23,0.0,0.0,-3.0
108,2021-09-03 20:58:19.244125,@WZ21-@WH22,WHEAT,-0.5,-0.93,0.33,0.0,0.33,53.0,27.0,0.51,25.0,0.47,0.0,0.0,0.0,100.0,30.0,0.3,28.0,0.28,0.0,0.0,-1.0,597.0,436.0,0.73,273.0,0.46,0.0,0.0,-1.0
109,2021-09-03 20:57:44.960758,@WZ21-@WK22,WHEAT,0.25,0.2,0.25,0.17,0.08,12.0,9.0,0.75,9.0,0.75,0.0,0.0,1.0,26.0,21.0,0.81,21.0,0.81,0.0,0.0,0.0,145.0,77.0,0.53,73.0,0.5,0.0,0.0,0.0
110,2021-09-03 20:49:24.991618,@SMZ21-@SMK22,SOYBEAN MEAL,-0.6,-0.49,,,,,,,,,,,,2.0,1.0,0.5,1.0,0.5,0.0,0.0,1.0,6.0,2.0,0.33,2.0,0.33,0.0,0.0,5.0
111,2021-09-03 20:55:50.750170,@SMZ21-@SMN22,SOYBEAN MEAL,-0.9,-0.64,,,,4.0,4.0,1.0,4.0,1.0,0.0,0.0,0.0,9.0,5.0,0.56,5.0,0.56,0.0,0.0,0.0,32.0,20.0,0.62,20.0,0.62,0.0,0.0,2.0
112,2021-09-03 20:57:02.395870,@LEJ22-@LEM22,LIVE CATTLE,-0.05,-0.53,0.08,0.0,0.08,26.0,0.0,0.0,3.0,0.12,0.0,0.0,0.0,49.0,13.0,0.27,11.0,0.22,0.0,0.0,-1.0,130.0,13.0,0.1,14.0,0.11,0.0,0.0,-3.0
113,2021-09-03 20:58:14.729094,@BOK22-@BON22,SOYBEAN OIL,0.02,0.28,0.41,0.33,0.08,84.0,47.0,0.56,73.0,0.87,0.0,0.0,0.0,170.0,97.0,0.57,108.0,0.64,0.0,0.0,1.0,438.0,222.0,0.51,257.0,0.59,0.0,0.0,1.0
114,2021-09-03 20:58:19.591853,@BOZ21-@BOF22,SOYBEAN OIL,-0.02,-0.43,0.16,0.08,0.08,25.0,0.0,0.0,9.0,0.36,0.0,0.0,0.0,51.0,2.0,0.04,14.0,0.27,0.0,0.0,0.0,346.0,189.0,0.55,192.0,0.55,0.0,0.0,1.0
115,2021-09-03 20:58:13.224397,@HEG22-@HEJ22,LEAN HOGS,0.025,0.1,0.16,0.08,0.08,11.0,2.0,0.18,5.0,0.45,0.0,0.0,0.0,19.0,6.0,0.32,8.0,0.42,0.0,0.0,0.0,63.0,36.0,0.57,39.0,0.62,0.0,0.0,0.0
116,2021-09-03 20:55:46.705825,@SMZ21-@SMH22,SOYBEAN MEAL,-0.5,-0.5,,,,4.0,0.0,0.0,0.0,0.0,0.0,0.0,0.0,30.0,13.0,0.43,5.0,0.17,0.0,0.0,0.0,97.0,57.0,0.59,45.0,0.46,0.0,0.0,2.0
117,2021-09-03 20:58:11.762520,@BOV21-@BOF22,SOYBEAN OIL,-0.1,-1.59,0.08,0.08,0.0,5.0,0.0,0.0,2.0,0.4,0.0,0.0,0.0,19.0,5.0,0.26,2.0,0.11,0.0,0.0,0.0,151.0,105.0,0.7,97.0,0.64,0.0,0.0,0.0
118,2021-09-03 20:58:17.643735,@GFU21-@GFX21,FEEDER CATTLE,0.625,1.15,0.34,0.17,0.17,41.0,22.0,0.54,28.0,0.68,0.0,0.0,-5.0,55.0,33.0,0.6,36.0,0.65,0.0,0.0,-5.0,63.0,39.0,0.62,43.0,0.68,0.0,0.0,4.0
119,2021-09-03 20:57:20.748763,@SX21-@SN22,SOYBEANS,-0.5,-0.15,0.08,0.0,0.08,18.0,0.0,0.0,2.0,0.11,0.0,0.0,-2.0,26.0,3.0,0.12,5.0,0.19,0.0,0.0,-2.0,41.0,18.0,0.44,15.0,0.37,0.0,0.0,-3.0
120,2021-09-03 20:52:02.305830,@SMF22-@SMH22,SOYBEAN MEAL,-0.5,-0.71,,,,,,,,,,,,33.0,33.0,1.0,2.0,0.06,0.0,0.0,0.0,160.0,157.0,0.98,89.0,0.56,0.0,0.0,1.0
121,2021-09-03 20:58:20.458138,@CZ21-@CK22,CORN,-1.25,-2.03,0.17,0.0,0.17,102.0,102.0,1.0,0.0,0.0,0.0,0.0,0.0,341.0,341.0,1.0,63.0,0.18,0.0,0.0,0.0,1147.0,669.0,0.58,248.0,0.22,0.0,0.0,1.0
122,2021-09-03 20:57:14.486273,@SH22-@SK22,SOYBEANS,-0.25,-0.27,0.17,0.0,0.17,23.0,0.0,0.0,0.0,0.0,0.0,0.0,0.0,62.0,9.0,0.15,9.0,0.15,0.0,0.0,0.0,79.0,9.0,0.11,9.0,0.11,0.0,0.0,0.0
123,2021-09-03 20:53:38.001363,@BOV21-@BOH22,SOYBEAN OIL,-0.12,-0.95,,,,5.0,0.0,0.0,2.0,0.4,0.0,0.0,0.0,9.0,3.0,0.33,4.0,0.44,0.0,0.0,0.0,92.0,68.0,0.74,28.0,0.3,0.0,0.0,0.0
124,2021-09-03 20:55:59.431052,@LEG22-@LEM22,LIVE CATTLE,-0.1,-0.44,,,,2.0,2.0,1.0,0.0,0.0,0.0,0.0,0.0,7.0,3.0,0.43,0.0,0.0,0.0,0.0,0.0,26.0,13.0,0.5,8.0,0.31,0.0,0.0,-1.0
125,2021-09-03 20:58:14.174497,@CH22-@CK22,CORN,-0.25,-0.87,0.08,0.08,0.0,409.0,409.0,1.0,409.0,1.0,0.0,0.0,1.0,439.0,439.0,1.0,439.0,1.0,0.0,0.0,1.0,471.0,465.0,0.99,465.0,0.99,0.0,0.0,1.0
126,2021-09-03 20:56:23.641513,@CZ21-@CU22,CORN,-1.25,-0.34,0.08,0.08,0.0,2.0,2.0,1.0,1.0,0.5,0.0,0.0,1.0,3.0,3.0,1.0,1.0,0.33,0.0,0.0,3.0,25.0,8.0,0.32,9.0,0.36,0.0,0.0,8.0
127,2021-09-03 20:58:19.835928,@HEV21-@HEZ21,LEAN HOGS,-0.125,-0.24,0.75,0.58,0.17,150.0,83.0,0.55,94.0,0.63,0.0,0.0,2.0,302.0,176.0,0.58,186.0,0.62,0.0,0.0,5.0,855.0,461.0,0.54,548.0,0.64,0.0,0.0,7.0
128,2021-09-03 20:58:10.440273,@HEV21-@HEG22,LEAN HOGS,-0.425,-0.47,0.17,0.17,0.0,29.0,20.0,0.69,18.0,0.62,0.0,0.0,3.0,56.0,30.0,0.54,36.0,0.64,0.0,0.0,4.0,100.0,47.0,0.47,56.0,0.56,0.0,0.0,4.0
129,2021-09-03 20:57:56.493229,@BOZ21-@BOH22,SOYBEAN OIL,-0.04,-0.36,0.17,0.0,0.17,18.0,0.0,0.0,2.0,0.11,0.0,0.0,0.0,40.0,19.0,0.48,8.0,0.2,0.0,0.0,0.0,229.0,121.0,0.53,109.0,0.48,0.0,0.0,1.0
130,2021-09-03 20:57:14.294626,@LEZ21-@LEJ22,LIVE CATTLE,-0.075,-0.17,0.08,0.08,0.0,3.0,3.0,1.0,3.0,1.0,0.0,0.0,0.0,35.0,32.0,0.91,30.0,0.86,0.0,0.0,5.0,82.0,69.0,0.84,65.0,0.79,0.0,0.0,0.0
131,2021-09-03 20:53:36.234035,@SMV21-@SMH22,SOYBEAN MEAL,-0.5,-0.52,,,,1.0,0.0,0.0,0.0,0.0,0.0,0.0,0.0,4.0,0.0,0.0,2.0,0.5,0.0,0.0,0.0,12.0,8.0,0.67,4.0,0.33,0.0,0.0,2.0
132,2021-09-03 20:58:14.732441,@BOF22-@BOK22,SOYBEAN OIL,-0.01,-0.07,0.08,0.0,0.08,3.0,2.0,0.67,1.0,0.33,0.0,0.0,-1.0,6.0,5.0,0.83,2.0,0.33,0.0,0.0,-1.0,34.0,16.0,0.47,18.0,0.53,0.0,0.0,-4.0
133,2021-09-03 20:55:35.926187,@BOH22-@BON22,SOYBEAN OIL,0.03,0.22,,,,5.0,1.0,0.2,4.0,0.8,0.0,0.0,0.0,12.0,4.0,0.33,9.0,0.75,0.0,0.0,0.0,73.0,40.0,0.55,48.0,0.66,0.0,0.0,0.0
134,2021-09-03 20:48:50.951774,@SMF22-@SMK22,SOYBEAN MEAL,-0.7,-0.76,,,,,,,,,,,,1.0,1.0,1.0,1.0,1.0,0.0,0.0,0.0,13.0,10.0,0.77,10.0,0.77,0.0,0.0,2.0
135,2021-09-03 20:57:15.618770,@LEV21-@LEJ22,LIVE CATTLE,-0.05,-0.07,0.25,0.25,0.0,27.0,25.0,0.93,27.0,1.0,0.0,0.0,5.0,55.0,49.0,0.89,55.0,1.0,0.0,0.0,8.0,142.0,88.0,0.62,130.0,0.92,0.0,0.0,10.0
136,2021-09-03 20:58:10.133509,@HEZ21-@HEJ22,LEAN HOGS,-0.3,-0.5,0.08,0.08,0.0,4.0,2.0,0.5,3.0,0.75,0.0,0.0,-1.0,16.0,2.0,0.12,3.0,0.19,0.0,0.0,-1.0,41.0,16.0,0.39,15.0,0.37,0.0,0.0,-1.0
137,2021-09-03 20:56:05.126285,QHOH22-QHOK22,NEW YORK HARBOR ULSD,-0.0013,-1.23,,,,1.0,0.0,0.0,0.0,0.0,0.0,0.0,0.0,1.0,0.0,0.0,0.0,0.0,0.0,0.0,0.0,1.0,0.0,0.0,0.0,0.0,0.0,0.0,0.0
138,2021-09-03 20:52:18.664462,@SMU21-@SMV21,SOYBEAN MEAL,1.9,5.04,,,,,,,,,,,,32.0,25.0,0.78,30.0,0.94,0.0,0.0,5.0,80.0,41.0,0.51,50.0,0.62,0.0,0.0,-1.0
139,2021-09-03 20:57:55.471921,@SMH22-@SMK22,SOYBEAN MEAL,-0.3,-1.26,0.08,0.0,0.08,1.0,1.0,1.0,0.0,0.0,0.0,0.0,0.0,13.0,13.0,1.0,0.0,0.0,0.0,0.0,0.0,99.0,99.0,1.0,74.0,0.75,0.0,0.0,1.0
140,2021-09-03 20:55:39.172246,@BOZ21-@BOK22,SOYBEAN OIL,-0.02,-0.11,,,,2.0,0.0,0.0,2.0,1.0,0.0,0.0,0.0,7.0,5.0,0.71,2.0,0.29,0.0,0.0,0.0,86.0,57.0,0.66,13.0,0.15,0.0,0.0,0.0
141,2021-09-03 20:57:19.814997,@BON22-@BOQ22,SOYBEAN OIL,0.05,0.68,0.08,0.08,0.0,29.0,29.0,1.0,27.0,0.93,0.0,0.0,1.0,37.0,31.0,0.84,29.0,0.78,0.0,0.0,2.0,156.0,67.0,0.43,68.0,0.44,0.0,0.0,0.0
142,2021-09-03 20:57:14.485889,@SH22-@SN22,SOYBEANS,-0.25,-0.15,0.08,0.0,0.08,51.0,5.0,0.1,3.0,0.06,0.0,0.0,-1.0,68.0,5.0,0.07,3.0,0.04,0.0,0.0,-1.0,157.0,45.0,0.29,59.0,0.38,0.0,0.0,-2.0
143,2021-09-03 20:58:14.150239,@CH22-@CN22,CORN,-0.5,-0.72,0.17,0.17,0.0,122.0,121.0,0.99,120.0,0.98,0.0,0.0,2.0,126.0,124.0,0.98,124.0,0.98,0.0,0.0,2.0,243.0,183.0,0.75,222.0,0.91,0.0,0.0,2.0
144,2021-09-03 20:54:30.738958,QRBZ21-QRBH22,RBOB GASOLINE,-0.001,-0.39,,,,1.0,1.0,1.0,0.0,0.0,0.0,0.0,0.0,2.0,2.0,1.0,0.0,0.0,0.0,0.0,0.0,68.0,30.0,0.44,31.0,0.46,0.0,0.0,-7.0
145,2021-09-03 20:57:56.495849,@SX21-@SX22,SOYBEANS,3.0,0.38,0.08,0.0,0.08,7.0,1.0,0.14,0.0,0.0,0.0,0.0,-1.0,11.0,5.0,0.45,0.0,0.0,0.0,0.0,-2.0,116.0,63.0,0.54,62.0,0.53,0.0,0.0,5.0
146,2021-09-03 19:53:53.996000,@SBV21-@SBN22,SUGAR #11,-0.07,-0.74,,,,,,,,,,,,,,,,,,,,,,,,,,,
147,2021-09-03 20:54:26.933799,@SN22-@SX22,SOYBEANS,3.25,0.69,,,,2.0,0.0,0.0,2.0,1.0,0.0,0.0,0.0,27.0,25.0,0.93,27.0,1.0,0.0,0.0,2.0,201.0,96.0,0.48,124.0,0.62,0.0,0.0,8.0
148,2021-09-03 20:58:14.182229,@CK22-@CU22,CORN,0.0,0.0,0.08,0.0,0.08,8.0,8.0,1.0,3.0,0.38,0.0,0.0,0.0,8.0,8.0,1.0,3.0,0.38,0.0,0.0,0.0,11.0,10.0,0.91,5.0,0.45,0.0,0.0,8.0
149,2021-09-03 20:57:14.486234,@SF22-@SN22,SOYBEANS,0.25,0.08,0.08,0.0,0.08,4.0,0.0,0.0,0.0,0.0,0.0,0.0,-1.0,12.0,0.0,0.0,1.0,0.08,0.0,0.0,-2.0,35.0,12.0,0.34,10.0,0.29,0.0,0.0,-1.0
150,2021-09-03 20:56:23.827281,QNGV21-QNGV22,NATURAL GAS,0.011,0.18,0.08,0.08,0.0,1.0,1.0,1.0,1.0,1.0,0.0,0.0,0.0,22.0,21.0,0.95,8.0,0.36,0.0,0.0,2.0,27.0,26.0,0.96,13.0,0.48,0.0,0.0,0.0
151,2021-09-03 20:57:11.228566,@CU21-@CZ21,CORN,-7.25,-3.97,0.08,0.0,0.08,25.0,0.0,0.0,0.0,0.0,0.0,0.0,0.0,39.0,10.0,0.26,10.0,0.26,0.0,0.0,-2.0,213.0,85.0,0.4,78.0,0.37,0.0,0.0,0.0
152,2021-09-03 20:57:36.067759,QNGJ22-QNGN22,NATURAL GAS,-0.001,-0.16,0.17,0.17,0.0,2.0,0.0,0.0,2.0,1.0,0.0,0.0,0.0,2.0,0.0,0.0,2.0,1.0,0.0,0.0,0.0,24.0,4.0,0.17,6.0,0.25,0.0,0.0,0.0
153,2021-09-03 20:46:09.132015,QCLM22-QCLM23,CRUDE OIL,-0.17,-0.74,,,,,,,,,,,,1.0,0.0,0.0,1.0,1.0,0.0,0.0,0.0,11.0,3.0,0.27,10.0,0.91,0.0,0.0,-5.0
154,2021-09-03 20:57:47.942155,@WK22-@WN22,WHEAT,6.25,1.81,0.17,0.0,0.17,42.0,17.0,0.4,17.0,0.4,0.0,0.0,1.0,78.0,41.0,0.53,51.0,0.65,0.0,0.0,4.0,260.0,133.0,0.51,130.0,0.5,0.0,0.0,5.0
155,2021-09-03 20:58:14.174497,@CK22-@CN22,CORN,0.0,0.0,0.08,0.08,0.0,163.0,163.0,1.0,163.0,1.0,0.0,0.0,1.0,164.0,164.0,1.0,164.0,1.0,0.0,0.0,1.0,583.0,289.0,0.5,276.0,0.47,0.0,0.0,2.0
156,2021-09-03 20:57:54.518078,@GFU21-@GFV21,FEEDER CATTLE,0.825,1.67,0.33,0.25,0.08,33.0,18.0,0.55,21.0,0.64,0.0,0.0,-3.0,81.0,61.0,0.75,56.0,0.69,0.0,0.0,-1.0,176.0,121.0,0.69,120.0,0.68,0.0,0.0,8.0
157,2021-09-03 20:56:42.262694,QCLV21-QCLJ22,CRUDE OIL,-0.09,-0.93,0.08,0.08,0.0,1.0,0.0,0.0,1.0,1.0,0.0,0.0,0.0,7.0,0.0,0.0,2.0,0.29,0.0,0.0,0.0,16.0,4.0,0.25,6.0,0.38,0.0,0.0,-4.0
158,2021-09-03 20:56:36.245721,@WZ21-@WZ22,WHEAT,8.25,1.56,0.08,0.08,0.0,1.0,1.0,1.0,1.0,1.0,0.0,0.0,0.0,2.0,2.0,1.0,2.0,1.0,0.0,0.0,2.0,9.0,7.0,0.78,6.0,0.67,0.0,0.0,2.0
159,2021-09-03 20:58:19.281353,QNGH22-QNGK22,NATURAL GAS,0.013,0.38,0.25,0.08,0.17,8.0,4.0,0.5,3.0,0.38,0.0,0.0,4.0,25.0,11.0,0.44,7.0,0.28,0.0,0.0,-2.0,102.0,41.0,0.4,30.0,0.29,0.0,0.0,5.0
160,2021-09-03 20:41:00.346227,QNGJ22-QNGQ22,NATURAL GAS,0.001,0.15,,,,,,,,,,,,,,,,,,,,20.0,3.0,0.15,5.0,0.25,0.0,0.0,1.0
161,2021-09-03 20:56:23.843629,QNGK22-QNGV22,NATURAL GAS,0.003,1.18,0.08,0.08,0.0,1.0,1.0,1.0,1.0,1.0,0.0,0.0,0.0,10.0,10.0,1.0,10.0,1.0,0.0,0.0,0.0,171.0,171.0,1.0,169.0,0.99,0.0,0.0,1.0
162,2021-09-03 20:53:18.039662,QHOV21-QHOH22,NEW YORK HARBOR ULSD,0.0003,0.17,,,,,,,,,,,,1.0,1.0,1.0,1.0,1.0,0.0,0.0,0.0,18.0,10.0,0.56,1.0,0.06,0.0,0.0,5.0
163,2021-09-03 20:49:25.427188,QHOX21-QHOH22,NEW YORK HARBOR ULSD,0.0001,0.08,,,,,,,,,,,,1.0,1.0,1.0,1.0,1.0,0.0,0.0,0.0,3.0,3.0,1.0,2.0,0.67,0.0,0.0,6.0
164,2021-09-03 20:50:54.960375,@WH22-@WN22,WHEAT,6.75,1.62,,,,,,,,,,,,35.0,35.0,1.0,17.0,0.49,0.0,0.0,1.0,50.0,43.0,0.86,24.0,0.48,0.0,0.0,3.0
165,2021-09-03 20:58:11.618296,QCLG22-QCLK22,CRUDE OIL,-0.03,-0.51,0.08,0.0,0.08,2.0,0.0,0.0,0.0,0.0,0.0,0.0,-1.0,2.0,0.0,0.0,0.0,0.0,0.0,0.0,-1.0,6.0,4.0,0.67,1.0,0.17,0.0,0.0,-3.0
166,2021-09-03 20:56:25.218538,QCLG22-QCLH22,CRUDE OIL,-0.01,-0.46,0.08,0.0,0.08,2.0,0.0,0.0,0.0,0.0,0.0,0.0,0.0,29.0,0.0,0.0,27.0,0.93,0.0,0.0,0.0,69.0,2.0,0.03,29.0,0.42,0.0,0.0,-1.0
167,2021-09-03 20:11:49.027847,QCLZ22-QCLF23,CRUDE OIL,-0.01,-0.5,,,,,,,,,,,,,,,,,,,,3.0,0.0,0.0,0.0,0.0,0.0,0.0,0.0
168,2021-09-03 20:56:05.151915,QHOV21-QHOG22,NEW YORK HARBOR ULSD,0.001,0.71,,,,2.0,2.0,1.0,0.0,0.0,0.0,0.0,0.0,7.0,6.0,0.86,5.0,0.71,0.0,0.0,2.0,41.0,20.0,0.49,32.0,0.78,0.0,0.0,9.0
169,2021-09-03 20:48:31.554386,QCLJ22-QCLM22,CRUDE OIL,-0.02,-0.51,,,,,,,,,,,,1.0,0.0,0.0,0.0,0.0,0.0,0.0,0.0,32.0,7.0,0.22,8.0,0.25,0.0,0.0,-1.0
170,2021-09-03 20:52:58.797342,QCLX21-QCLK22,CRUDE OIL,-0.07,-0.65,,,,,,,,,,,,5.0,1.0,0.2,0.0,0.0,0.0,0.0,0.0,60.0,49.0,0.82,1.0,0.02,0.0,0.0,-5.0
171,2021-09-03 20:56:33.258258,QNGJ22-QNGM22,NATURAL GAS,-0.001,-0.18,0.16,0.08,0.08,2.0,0.0,0.0,1.0,0.5,0.0,0.0,0.0,17.0,0.0,0.0,1.0,0.06,0.0,0.0,-1.0,27.0,2.0,0.07,10.0,0.37,0.0,0.0,-1.0
172,2021-09-03 20:57:52.536343,@ZCTH22-@ZCTK22,CORN TAS,0.0,,0.08,0.08,0.0,65.0,0.0,0.0,65.0,1.0,0.0,0.0,,65.0,0.0,0.0,65.0,1.0,0.0,0.0,,65.0,0.0,0.0,65.0,1.0,0.0,0.0,
173,2021-09-03 20:29:23.294000,@CCZ21-@CCK22,COCOA,-4.0,-0.55,,,,,,,,,,,,,,,,,,,,82.0,0.0,0.0,8.0,0.1,28.0,0.34,0.0
174,2021-09-03 20:34:52.132450,QCLK22-QCLM22,CRUDE OIL,0.0,0.0,,,,,,,,,,,,,,,,,,,,50.0,0.0,0.0,37.0,0.74,0.0,0.0,0.0
175,2021-09-03 20:55:59.587371,QCLZ21-QCLK22,CRUDE OIL,-0.04,-0.41,,,,1.0,0.0,0.0,0.0,0.0,0.0,0.0,0.0,3.0,0.0,0.0,0.0,0.0,0.0,0.0,0.0,9.0,2.0,0.22,3.0,0.33,0.0,0.0,-3.0
176,2021-09-03 20:57:44.122000,QNGK22-QNGN22,NATURAL GAS,-0.001,-0.54,0.17,0.17,0.0,2.0,2.0,1.0,2.0,1.0,0.0,0.0,0.0,4.0,4.0,1.0,2.0,0.5,0.0,0.0,0.0,15.0,15.0,1.0,10.0,0.67,0.0,0.0,0.0
177,2021-09-03 20:29:57.755000,@KCN22-@KCU22,COFFEE C,0.0,0.0,,,,,,,,,,,,,,,,,,,,38.0,0.0,0.0,1.0,0.03,0.0,0.0,0.0
178,2021-09-03 20:40:44.634678,QNGF22-QNGK22,NATURAL GAS,0.013,0.26,,,,,,,,,,,,,,,,,,,,2.0,2.0,1.0,2.0,1.0,0.0,0.0,0.0
179,2021-09-03 20:29:55.020000,@KCH22-@KCN22,COFFEE C,-0.05,-0.42,,,,,,,,,,,,,,,,,,,,268.0,266.0,0.99,237.0,0.88,0.0,0.0,0.0
180,2021-09-03 20:53:00.231986,@WN22-@WU22,WHEAT,0.5,0.74,,,,,,,,,,,,3.0,0.0,0.0,0.0,0.0,0.0,0.0,0.0,70.0,13.0,0.19,33.0,0.47,0.0,0.0,0.0
181,2021-09-03 20:31:18.312122,@WU22-@WZ22,WHEAT,1.25,2.71,,,,,,,,,,,,,,,,,,,,24.0,3.0,0.12,5.0,0.21,0.0,0.0,2.0
182,2021-09-03 20:54:21.183939,QNGV22-QNGF23,NATURAL GAS,-0.006,-1.59,,,,64.0,0.0,0.0,64.0,1.0,0.0,0.0,0.0,104.0,0.0,0.0,91.0,0.88,0.0,0.0,-3.0,164.0,0.0,0.0,128.0,0.78,0.0,0.0,-3.0
183,2021-09-03 20:50:32.149511,@BOZ21-@BOZ22,SOYBEAN OIL,0.14,0.33,,,,,,,,,,,,9.0,6.0,0.67,9.0,1.0,0.0,0.0,10.0,44.0,19.0,0.43,15.0,0.34,0.0,0.0,10.0
184,2021-09-03 18:24:09.163000,@CCZ21-@CCZ22,COCOA,26.0,2.55,,,,,,,,,,,,,,,,,,,,,,,,,,,
185,2021-09-03 20:49:11.612013,@SU21-@SX21,SOYBEANS,-4.25,-0.93,,,,,,,,,,,,1.0,1.0,1.0,0.0,0.0,0.0,0.0,0.0,7.0,7.0,1.0,6.0,0.86,0.0,0.0,0.0
186,2021-09-03 20:17:58.312366,QCLK22-QCLU22,CRUDE OIL,-0.03,-0.37,,,,,,,,,,,,,,,,,,,,4.0,0.0,0.0,0.0,0.0,0.0,0.0,0.0
187,2021-09-03 20:57:19.699887,QNGV22-QNGX22,NATURAL GAS,0.0,0.0,0.08,0.08,0.0,2.0,2.0,1.0,2.0,1.0,0.0,0.0,0.0,52.0,2.0,0.04,3.0,0.06,0.0,0.0,0.0,67.0,2.0,0.03,3.0,0.04,0.0,0.0,0.0
188,2021-09-03 20:57:20.026703,QNGU22-QNGV22,NATURAL GAS,0.001,0.52,0.17,0.0,0.17,161.0,0.0,0.0,42.0,0.26,0.0,0.0,0.0,162.0,1.0,0.01,43.0,0.27,0.0,0.0,-1.0,166.0,4.0,0.02,46.0,0.28,0.0,0.0,-1.0
189,2021-09-03 19:24:58.018000,@KCU22-@KCZ22,COFFEE C,-0.1,-2.0,,,,,,,,,,,,,,,,,,,,,,,,,,,
190,2021-09-03 20:50:31.353063,QRBX21-QRBG22,RBOB GASOLINE,-0.0026,-0.62,,,,,,,,,,,,2.0,1.0,0.5,1.0,0.5,0.0,0.0,-3.0,146.0,59.0,0.4,71.0,0.49,0.0,0.0,-14.0
191,2021-09-03 20:57:05.940651,QRBZ21-QRBM22,RBOB GASOLINE,-0.0012,-0.24,0.08,0.08,0.0,7.0,1.0,0.14,7.0,1.0,0.0,0.0,2.0,22.0,10.0,0.45,18.0,0.82,0.0,0.0,6.0,81.0,30.0,0.37,56.0,0.69,0.0,0.0,-28.0
192,2021-09-03 20:57:58.773734,QNGH23-QNGJ23,NATURAL GAS,0.009,0.72,0.08,0.0,0.08,5.0,0.0,0.0,0.0,0.0,0.0,0.0,0.0,49.0,0.0,0.0,0.0,0.0,0.0,0.0,0.0,160.0,79.0,0.49,108.0,0.68,0.0,0.0,-5.0
193,2021-09-03 20:51:37.772750,@TYU21-@TYZ21,10 YR US TREASURY NOTE,0.015625,1.44,,,,,,,,,,,,159.0,159.0,1.0,159.0,1.0,0.0,0.0,,159.0,159.0,1.0,159.0,1.0,0.0,0.0,
194,2021-09-03 20:58:22.044100,@CDU21-@CDZ21,CANADIAN DOLLAR,0.0,0.0,0.42,0.42,0.0,11.0,0.0,0.0,11.0,1.0,0.0,0.0,,30.0,0.0,0.0,30.0,1.0,0.0,0.0,,116.0,0.0,0.0,116.0,1.0,0.0,0.0,
195,2021-09-03 19:59:59.184000,@SBH23-@SBK23,SUGAR #11,0.02,0.62,,,,,,,,,,,,,,,,,,,,7.0,1.0,0.14,1.0,0.14,0.0,0.0,1.0
196,2021-09-03 17:45:48.917991,QHOQ22-QHOU22,NEW YORK HARBOR ULSD,-0.0003,-1.05,,,,,,,,,,,,,,,,,,,,,,,,,,,
197,2021-09-03 20:03:53.152619,QCLZ22-QCLH23,CRUDE OIL,-0.03,-0.53,,,,,,,,,,,,,,,,,,,,2.0,0.0,0.0,0.0,0.0,0.0,0.0,0.0
198,2021-09-03 20:56:52.331317,@LETV21-@LETZ21,LIVE CATTLE TAS,0.0,,0.17,0.0,0.17,30.0,0.0,0.0,0.0,0.0,0.0,0.0,,37.0,0.0,0.0,0.0,0.0,0.0,0.0,,153.0,0.0,0.0,0.0,0.0,0.0,0.0,
199,2021-09-03 20:54:00.010731,QHOF22-QHOG22,NEW YORK HARBOR ULSD,-0.0002,-0.68,,,,1.0,0.0,0.0,1.0,1.0,0.0,0.0,0.0,6.0,0.0,0.0,4.0,0.67,0.0,0.0,0.0,27.0,7.0,0.26,23.0,0.85,0.0,0.0,0.0
200,2021-09-03 20:48:09.391052,QCLZ21-QCLJ22,CRUDE OIL,-0.04,-0.5,,,,,,,,,,,,2.0,0.0,0.0,2.0,1.0,0.0,0.0,0.0,18.0,7.0,0.39,4.0,0.22,0.0,0.0,-4.0
201,2021-09-03 20:58:00.216883,@ZCTZ21-@ZCTH22,CORN TAS,0.0,,0.08,0.08,0.0,40.0,0.0,0.0,40.0,1.0,0.0,0.0,,70.0,0.0,0.0,70.0,1.0,0.0,0.0,,70.0,0.0,0.0,70.0,1.0,0.0,0.0,
202,2021-09-03 20:47:37.808198,@SOTX21-@SOTF22,SOYBEANS TAS,0.0,,,,,,,,,,,,,120.0,0.0,0.0,120.0,1.0,0.0,0.0,,455.0,0.0,0.0,455.0,1.0,0.0,0.0,
203,2021-09-03 18:57:00.653031,@NEU21-@NEZ21,NEW ZEALAND DOLLAR,-5e-05,-0.72,,,,,,,,,,,,,,,,,,,,,,,,,,,
204,2021-09-03 16:55:37.376528,QPAU21-QPAZ21,PALLADIUM,2.6,3.84,,,,,,,,,,,,,,,,,,,,,,,,,,,
205,2021-09-03 19:01:37.215862,@RRU21-@RRX21,ROUGH RICE,-0.02,-2.26,,,,,,,,,,,,,,,,,,,,,,,,,,,
206,2021-09-03 19:35:54.104149,@ZWTZ21-@ZWTH22,WHEAT TAS,0.0,,,,,,,,,,,,,,,,,,,,,,,,,,,,
207,2021-09-03 20:46:51.521110,@SOTF22-@SOTH22,SOYBEANS TAS,0.0,,,,,,,,,,,,,50.0,0.0,0.0,50.0,1.0,0.0,0.0,,50.0,0.0,0.0,50.0,1.0,0.0,0.0,
208,2021-09-03 18:47:17.777022,@HETZ21-@HETG22,LEAN HOGS TAS,0.0,,,,,,,,,,,,,,,,,,,,,,,,,,,,
209,2021-09-03 17:38:51.928000,@CTH22-@CTN22,COTTON #2,0.14,1.0,,,,,,,,,,,,,,,,,,,,,,,,,,,
210,2021-09-03 20:49:02.075478,QHOF22-QHOH22,NEW YORK HARBOR ULSD,-0.0005,-0.76,,,,,,,,,,,,2.0,2.0,1.0,0.0,0.0,0.0,0.0,0.0,4.0,2.0,0.5,0.0,0.0,0.0,0.0,3.0
211,2021-09-03 20:06:43.794943,QCLX22-QCLZ22,CRUDE OIL,-0.01,-0.54,,,,,,,,,,,,,,,,,,,,1.0,0.0,0.0,0.0,0.0,0.0,0.0,0.0
212,2021-09-03 19:59:53.512000,@SBK23-@SBN23,SUGAR #11,0.0,0.0,,,,,,,,,,,,,,,,,,,,6.0,0.0,0.0,0.0,0.0,1.0,0.17,0.0
213,2021-09-03 20:51:58.671371,@BOU21-@BOV21,SOYBEAN OIL,-0.04,-0.27,,,,,,,,,,,,10.0,0.0,0.0,10.0,1.0,0.0,0.0,0.0,10.0,0.0,0.0,10.0,1.0,0.0,0.0,0.0
214,2021-09-03 20:42:21.655167,RBTX21-RBTZ21,RBOB GASOLINE (TAS),0.0,,,,,,,,,,,,,,,,,,,,,49.0,0.0,0.0,0.0,0.0,0.0,0.0,
215,2021-09-03 20:32:35.722057,@TNU21-@TNZ21,ULTRA 10 YR US TREASURY NOTE,0.015625,2.17,,,,,,,,,,,,,,,,,,,,26.0,26.0,1.0,26.0,1.0,0.0,0.0,
216,2021-09-03 20:53:19.175511,QCLN22-QCLQ22,CRUDE OIL,-0.01,-0.43,,,,,,,,,,,,96.0,0.0,0.0,96.0,1.0,0.0,0.0,0.0,99.0,0.0,0.0,98.0,0.99,0.0,0.0,0.0
217,2021-09-03 20:48:51.189924,@FVU21-@FVZ21,5 YR US TREASURY NOTE,0.0078125,0.87,,,,,,,,,,,,21.0,21.0,1.0,21.0,1.0,0.0,0.0,,21.0,21.0,1.0,21.0,1.0,0.0,0.0,
218,2021-09-03 20:27:54.010415,QNGN22-QNGQ22,NATURAL GAS,0.002,2.89,,,,,,,,,,,,,,,,,,,,2.0,1.0,0.5,1.0,0.5,0.0,0.0,1.0
219,2021-09-03 20:43:51.861579,QCLZ23-QCLM24,CRUDE OIL,-0.08,-0.75,,,,,,,,,,,,1.0,1.0,1.0,1.0,1.0,0.0,0.0,0.0,3.0,2.0,0.67,3.0,1.0,0.0,0.0,1.0
220,2021-09-03 19:00:25.234313,QCLV21-QCLZ23,CRUDE OIL,-0.33,-0.7,,,,,,,,,,,,,,,,,,,,,,,,,,,
221,2021-09-03 20:50:32.386965,QCLK22-QCLQ22,CRUDE OIL,-0.02,-0.32,,,,,,,,,,,,2.0,0.0,0.0,2.0,1.0,0.0,0.0,0.0,2.0,0.0,0.0,2.0,1.0,0.0,0.0,0.0
222,2021-09-03 18:07:41.044000,@KCZ21-@KCZ22,COFFEE C,-0.15,-0.66,,,,,,,,,,,,,,,,,,,,,,,,,,,
223,2021-09-03 20:55:42.617247,QNGF23-QNGG23,NATURAL GAS,0.005,1.91,,,,25.0,25.0,1.0,9.0,0.36,0.0,0.0,0.0,48.0,48.0,1.0,32.0,0.67,0.0,0.0,1.0,105.0,105.0,1.0,38.0,0.36,0.0,0.0,3.0
224,2021-09-03 19:48:30.803000,@SBN22-@SBN23,SUGAR #11,-0.01,-0.13,,,,,,,,,,,,,,,,,,,,,,,,,,,
225,2021-09-03 20:16:10.067980,QCLM22-QCLQ22,CRUDE OIL,-0.01,-0.25,,,,,,,,,,,,,,,,,,,,1.0,0.0,0.0,0.0,0.0,0.0,0.0,0.0
226,2021-09-03 19:26:25.309000,@KCU21-@KCZ21,COFFEE C,0.45,1.97,,,,,,,,,,,,,,,,,,,,,,,,,,,
227,2021-09-03 20:36:15.493848,QCLZ21-QCLZ23,CRUDE OIL,-0.3,-0.65,,,,,,,,,,,,,,,,,,,,1.0,0.0,0.0,1.0,1.0,0.0,0.0,0.0
228,2021-09-03 20:31:24.018036,@CU21-@CH22,CORN,-8.25,-4.99,,,,,,,,,,,,,,,,,,,,9.0,0.0,0.0,9.0,1.0,0.0,0.0,0.0
